<?xml version="1.0" encoding="utf-8"?>
<helpItems xmlns="http://msh" schema="maml">
  <command:command xmlns:maml="http://schemas.microsoft.com/maml/2004/10" xmlns:command="http://schemas.microsoft.com/maml/dev/command/2004/10" xmlns:dev="http://schemas.microsoft.com/maml/dev/2004/10">
    <command:details>
      <command:name>
        Start-IntelliTraceCollection
      </command:name>
      <maml:description>
        <maml:para _locID="command.startintellitrace.synopsis">Startet die IntelliTrace-Sammlung für einen IIS-Anwendungspool.</maml:para>
      </maml:description>
      <maml:copyright>
        <maml:para _locID="command.startintellitrace.copyright"></maml:para>
      </maml:copyright>
      <command:verb>Start</command:verb>
      <command:noun>IntelliTraceCollection</command:noun>
      <dev:version></dev:version>
    </command:details>
    <maml:description>
      <maml:para _locID="command.startintellitrace.description">Startet die IntelliTrace-Sammlung für einen IIS-Anwendungspool. Bei allen für diesen Anwendungspool erstellten Prozessen werden IntelliTrace-Daten in einer eigenen Protokolldatei für jeden Prozess gesammelt.

Die Identität, mit der der Zielanwendungspool ausgeführt wird, muss über Berechtigungen zum Erstellen und Schreiben von Dateien am OutputPath-Speicherort verfügen.

Die PowerShell-Sitzung muss mit ausreichenden Berechtigungen zum Ausführen einer Wiederverwendung des Anwendungspools ausgeführt werden. In der Standardeinstellung sind dafür Administratorrechte erforderlich.</maml:para>
    </maml:description>
    <command:syntax>
      <command:syntaxItem>
        <maml:name>Start-IntelliTraceCollection</maml:name>
        <command:parameter required="true" variableLength="false" globbing="false" pipelineInput="true (ByValue, ByPropertyName)" position="1">
          <maml:name>ApplicationPool</maml:name>
          <maml:description>
            <maml:para _locID="syntax.startintellitrace.applicationpool.description">Der Name des Anwendungspools, wie in IIS-Manager aufgeführt, für den die IntelliTrace-Sammlung aktiviert wird.</maml:para>
          </maml:description>
          <command:parameterValue required="true" variableLength="false">string</command:parameterValue>
        </command:parameter>
        <command:parameter required="true" variableLength="false" globbing="false" pipelineInput="true (ByValue, ByPropertyName)" position="2">
          <maml:name>CollectionPlan</maml:name>
          <maml:description>
            <maml:para _locID="syntax.startintellitrace.collectionplan.description">Name und Pfad zum Sammlungsplan, die bei der IntelliTrace-Sammlung verwendet werden sollen. Der Pfad kann relativ oder absolut sein.</maml:para>
          </maml:description>
          <command:parameterValue required="true" variableLength="false">string</command:parameterValue>
        </command:parameter>
        <command:parameter required="true" variableLength="false" globbing="false" pipelineInput="true (ByValue, ByPropertyName)" position="3">
          <maml:name>OutputPath</maml:name>
          <maml:description>
            <maml:para _locID="syntax.startintellitrace.output.description">Der Speicherort, an dem IntelliTrace die gesammelten Daten in Protokolldateien schreibt. Die Identität, mit der der Anwendungspool ausgeführt wird, muss über Lese-/Schreibberechtigungen für den angegebenen Speicherort verfügen.</maml:para>
          </maml:description>
          <command:parameterValue required="true" variableLength="false">string</command:parameterValue>
        </command:parameter>
        <command:parameter required="false" variableLength="false" globbing="false" pipelineInput="false" position="named">
          <maml:name>Confirm</maml:name>
          <maml:description>
            <maml:para _locID="syntax.startintellitrace.confirm.description">Sie werden vor dem Ausführen des Befehls zur Bestätigung aufgefordert.</maml:para>
          </maml:description>
        </command:parameter>
        <command:parameter required="false" variableLength="false" globbing="false" pipelineInput="false" position="named">
          <maml:name>WhatIf</maml:name>
          <maml:description>
            <maml:para _locID="syntax.startintellitrace.whatif.description">Beschreibt das Ergebnis der Befehlsausführung, ohne den Befehl wirklich auszuführen.</maml:para>
          </maml:description>
        </command:parameter>
        <command:parameter required="false" variableLength="false" globbing="false" pipelineInput="false" position="named">
          <maml:name>NoFragments</maml:name>
          <maml:description>
            <maml:para _locID="syntax.startintellitrace.nofragments.description">Startet die IntelliTrace-Auflistung ohne Berücksichtigung der Auflistungsplanfragmente im CustomEvents-Verzeichnis.</maml:para>
          </maml:description>
        </command:parameter>
      </command:syntaxItem>
    </command:syntax>
    <command:parameters>
      <command:parameter required="true" variableLength="false" globbing="false" pipelineInput="true (ByValue, ByPropertyName)" position="1">
        <maml:name>ApplicationPool</maml:name>
        <maml:description>
          <maml:para _locID="parameter.startintellitrace.applicationpool.description">Der Name des Anwendungspools, wie in IIS-Manager aufgeführt, für den die IntelliTrace-Sammlung aktiviert wird.</maml:para>
        </maml:description>
        <command:parameterValue required="true" variableLength="false">string</command:parameterValue>
        <dev:type>
          <maml:name>string</maml:name>
          <maml:uri/>
        </dev:type>
        <dev:defaultValue></dev:defaultValue>
      </command:parameter>
      <command:parameter required="true" variableLength="false" globbing="false" pipelineInput="true (ByValue, ByPropertyName)" position="2">
        <maml:name>CollectionPlan</maml:name>
        <maml:description>
          <maml:para _locID="parameter.startintellitrace.collectionplan.description">Name und Pfad zum Sammlungsplan, die bei der IntelliTrace-Sammlung verwendet werden sollen. Der Pfad kann relativ oder absolut sein.</maml:para>
        </maml:description>
        <command:parameterValue required="true" variableLength="false">string</command:parameterValue>
        <dev:type>
          <maml:name>string</maml:name>
          <maml:uri/>
        </dev:type>
        <dev:defaultValue></dev:defaultValue>
      </command:parameter>
      <command:parameter required="true" variableLength="false" globbing="false" pipelineInput="true (ByValue, ByPropertyName)" position="3">
        <maml:name>OutputPath</maml:name>
        <maml:description>
          <maml:para _locID="parameter.startintellitrace.output.description">Der Speicherort, an dem IntelliTrace die gesammelten Daten in Protokolldateien schreibt. Die Identität, mit der der Anwendungspool ausgeführt wird, muss über Lese-/Schreibberechtigungen für den angegebenen Speicherort verfügen.</maml:para>
        </maml:description>
        <command:parameterValue required="true" variableLength="false">string</command:parameterValue>
        <dev:type>
          <maml:name>string</maml:name>
          <maml:uri/>
        </dev:type>
        <dev:defaultValue></dev:defaultValue>
      </command:parameter>
      <command:parameter required="false" variableLength="false" globbing="false" pipelineInput="false" position="named">
        <maml:name>Confirm</maml:name>
        <maml:description>
          <maml:para _locID="parameter.startintellitrace.confirm.description">Sie werden vor dem Ausführen des Befehls zur Bestätigung aufgefordert.</maml:para>
        </maml:description>
        <command:parameterValue required="false" variableLength="false">SwitchParameter</command:parameterValue>
        <dev:type>
          <maml:name>SwitchParameter</maml:name>
          <maml:uri/>
        </dev:type>
        <dev:defaultValue/>
      </command:parameter>
      <command:parameter required="false" variableLength="false" globbing="false" pipelineInput="false" position="named">
        <maml:name>WhatIf</maml:name>
        <maml:description>
          <maml:para _locID="parameter.startintellitrace.whatif.description">Beschreibt das Ergebnis der Befehlsausführung, ohne den Befehl wirklich auszuführen.</maml:para>
        </maml:description>
        <command:parameterValue required="false" variableLength="false">SwitchParameter</command:parameterValue>
        <dev:type>
          <maml:name>SwitchParameter</maml:name>
          <maml:uri/>
        </dev:type>
        <dev:defaultValue/>
      </command:parameter>
      <command:parameter required="false" variableLength="false" globbing="false" pipelineInput="false" position="named">
        <maml:name>NoFragments</maml:name>
        <maml:description>
          <maml:para _locID="syntax.startintellitrace.nofragments.description">Startet die IntelliTrace-Auflistung ohne Berücksichtigung der Auflistungsplanfragmente im CustomEvents-Verzeichnis.</maml:para>
        </maml:description>
        <command:parameterValue required="false" variableLength="false">SwitchParameter</command:parameterValue>
        <dev:type>
          <maml:name>SwitchParameter</maml:name>
          <maml:uri/>
        </dev:type>
      </command:parameter>
    </command:parameters>
    <command:inputTypes>
      <command:inputType>
        <dev:type>
          <maml:name></maml:name>
          <maml:uri/>
          <maml:description/>
        </dev:type>
          <maml:description>
          <maml:para>
            <!-- description  -->
          </maml:para>
          </maml:description>
      </command:inputType>
    </command:inputTypes>
    <command:returnValues>
      <command:returnValue>
        <dev:type>
          <maml:name></maml:name>
          <maml:uri/>
          <maml:description/>
        </dev:type>
          <maml:description>
          <maml:para>
            <!-- description  -->
          </maml:para>
          </maml:description>
      </command:returnValue>
    </command:returnValues>
    <!-- Error section-->
    <command:terminatingErrors/>
    <command:nonTerminatingErrors/>
    <!-- Notes section  -->
    <maml:alertSet>
      <maml:title></maml:title>
      <maml:alert>
        <maml:para _locID="command.startintellitrace.alert">Beim Ausführen von Start-IntelliTraceCollection wird der Zielanwendungspool wiederverwendet. IntelliTrace-Daten werden für alle Anforderungen gesammelt, die von den neuen Prozessen behandelt werden. Anforderungen, die momentan von bestehenden Prozessen behandelt werden, verfügen über keine eingeschlossene IntelliTrace-Sammlung.

Protokolldateien verwenden die folgende Benennungskonvention:
&lt;Prozessname&gt;_&lt;ProzessIDHex&gt;_&lt;Datum&gt;_&lt;Uhrzeit&gt;.itrace

Verwenden Sie den -verbose-Schalter, um zusätzliche Details anzuzeigen.</maml:para>
      </maml:alert>
    </maml:alertSet>
    <command:examples>
      <command:example>
        <maml:title _locID="command.startintellitrace.example1.title">
          -------------------------- BEISPIEL 1 --------------------------
        </maml:title>
        <maml:introduction>
          <maml:para>C:\PS&gt;</maml:para>
        </maml:introduction>
        <dev:code>
          Start-IntelliTraceCollection "ASP.NET v4.0" c:\temp\collectionplan.xml c:\outputfolder
        </dev:code>
        <dev:remarks>
          <maml:para _locID="command.startintellitrace.example1.description">Beschreibung
-----------
Durch diesen Befehl wird für den gesamten "ASP.NET v4.0"-Anwendungspool eine Wiederverwendung durchgeführt. Für alle neuen Prozesse wird die IntelliTrace-Sammlung aktiviert, bis Stop-IntelliTraceCollection aufgerufen wird.

Der Sammlungsplan unter C:\temp\collectionplan.xml wird verwendet, um die Konfiguration der IntelliTrace-Sammlung zu definieren.

Alle Protokolle werden in C:\outputfolder geschrieben.</maml:para>
          <maml:para></maml:para>
        </dev:remarks>
      </command:example>
    </command:examples>
    <maml:relatedLinks>
      <maml:navigationLink>
        <maml:linkText>Stop-IntelliTraceCollection</maml:linkText>
        <maml:uri/>
      </maml:navigationLink>
      <maml:navigationLink>
        <maml:linkText>Get-IntelliTraceCollectionStatus</maml:linkText>
        <maml:uri/>
      </maml:navigationLink>
    </maml:relatedLinks>
  </command:command>
  <command:command xmlns:maml="http://schemas.microsoft.com/maml/2004/10" xmlns:command="http://schemas.microsoft.com/maml/dev/command/2004/10" xmlns:dev="http://schemas.microsoft.com/maml/dev/2004/10">
    <command:details>
      <command:name>
        Stop-IntelliTraceCollection
      </command:name>
      <maml:description>
        <maml:para _locID="command.stopintellitrace.synopsis">Beendet die IntelliTrace-Sammlung für einen IIS-Anwendungspool.</maml:para>
      </maml:description>
      <maml:copyright>
        <maml:para _locID="command.stopintellitrace.copyright"></maml:para>
      </maml:copyright>
      <command:verb>Stop</command:verb>
      <command:noun>IntelliTraceCollection</command:noun>
      <dev:version></dev:version>
    </command:details>
    <maml:description>
      <maml:para _locID="command.stopintellitrace.description">Beendet die IntelliTrace-Sammlung für einen IIS-Anwendungspool.</maml:para>
    </maml:description>
    <command:syntax>
      <command:syntaxItem>
        <maml:name>Stop-IntelliTraceCollection</maml:name>
        <command:parameter required="true" variableLength="false" globbing="false" pipelineInput="true (ByValue, ByPropertyName)" position="1">
          <maml:name>ApplicationPool</maml:name>
          <maml:description>
            <maml:para _locID="syntax.stopintellitrace.applicationpool.description">Der Name des Anwendungspools, wie in IIS-Manager aufgeführt, für den die IntelliTrace-Sammlung aktiviert wird.</maml:para>
          </maml:description>
          <command:parameterValue required="true" variableLength="false">string</command:parameterValue>
        </command:parameter>
        <command:parameter required="false" variableLength="false" globbing="false" pipelineInput="false" position="named">
          <maml:name>Confirm</maml:name>
          <maml:description>
            <maml:para _locID="syntax.stopintellitrace.confirm.description">Sie werden vor dem Ausführen des Befehls zur Bestätigung aufgefordert.</maml:para>
          </maml:description>
        </command:parameter>
        <command:parameter required="false" variableLength="false" globbing="false" pipelineInput="false" position="named">
          <maml:name>WhatIf</maml:name>
          <maml:description>
            <maml:para _locID="syntax.stopintellitrace.whatif.description">Beschreibt das Ergebnis der Befehlsausführung, ohne den Befehl wirklich auszuführen.</maml:para>
          </maml:description>
        </command:parameter>
      </command:syntaxItem>
    </command:syntax>
    <command:parameters>
      <command:parameter required="true" variableLength="false" globbing="false" pipelineInput="true (ByValue, ByPropertyName)" position="1">
        <maml:name>ApplicationPool</maml:name>
        <maml:description>
          <maml:para _locID="parameter.stopintellitrace.applicationpool.description">Der Name des Anwendungspools, wie in IIS-Manager aufgeführt, für den die IntelliTrace-Sammlung aktiviert wird.</maml:para>
        </maml:description>
        <command:parameterValue required="true" variableLength="false">string</command:parameterValue>
        <dev:type>
          <maml:name>string</maml:name>
          <maml:uri/>
        </dev:type>
        <dev:defaultValue></dev:defaultValue>
      </command:parameter>
      <command:parameter required="false" variableLength="false" globbing="false" pipelineInput="false" position="named">
        <maml:name>Confirm</maml:name>
        <maml:description>
          <maml:para _locID="parameter.stopintellitrace.confirm.description">Sie werden vor dem Ausführen des Befehls zur Bestätigung aufgefordert.</maml:para>
        </maml:description>
        <command:parameterValue required="false" variableLength="false">SwitchParameter</command:parameterValue>
        <dev:type>
          <maml:name>SwitchParameter</maml:name>
          <maml:uri/>
        </dev:type>
        <dev:defaultValue/>
      </command:parameter>
      <command:parameter required="false" variableLength="false" globbing="false" pipelineInput="false" position="named">
        <maml:name>WhatIf</maml:name>
        <maml:description>
          <maml:para _locID="parameter.stopintellitrace.whatif.description">Beschreibt das Ergebnis der Befehlsausführung, ohne den Befehl wirklich auszuführen.</maml:para>
        </maml:description>
        <command:parameterValue required="false" variableLength="false">SwitchParameter</command:parameterValue>
        <dev:type>
          <maml:name>SwitchParameter</maml:name>
          <maml:uri/>
        </dev:type>
        <dev:defaultValue/>
      </command:parameter>
    </command:parameters>
    <command:inputTypes>
      <command:inputType>
        <dev:type>
          <maml:name></maml:name>
          <maml:uri/>
          <maml:description/>
        </dev:type>
          <maml:description>
          <maml:para>
            <!-- description  -->
          </maml:para>
          </maml:description>
      </command:inputType>
    </command:inputTypes>
    <command:returnValues>
      <command:returnValue>
        <dev:type>
          <maml:name></maml:name>
          <maml:uri/>
          <maml:description/>
        </dev:type>
          <maml:description>
          <maml:para>
            <!-- description  -->
          </maml:para>
          </maml:description>
      </command:returnValue>
    </command:returnValues>
    <!-- Error section-->
    <command:terminatingErrors/>
    <command:nonTerminatingErrors/>
    <!-- Notes section  -->
    <maml:alertSet>
      <maml:title></maml:title>
      <maml:alert>
        <maml:para _locID="command.stopintellitrace.alert">Beim Beenden der IntelliTrace-Sammlung wird vom Zielanwendungspool eine Wiederverwendung ausgeführt. Dieser Befehl wird beendet, sobald alle ausstehenden Anforderungen vom letzten aktiven Prozess abgeschlossen werden.

Verwenden Sie den -verbose-Schalter für zusätzliche Details.</maml:para>
      </maml:alert>
    </maml:alertSet>
    <command:examples>
      <command:example>
        <maml:title _locID="command.stopintellitrace.example1.title">
          -------------------------- BEISPIEL 1 --------------------------
        </maml:title>
        <maml:introduction>
          <maml:para>C:\PS&gt;</maml:para>
        </maml:introduction>
        <dev:code>
          Stop-IntelliTraceCollection "ASP.NET v4.0"
        </dev:code>
        <dev:remarks>
          <maml:para _locID="command.stopintellitrace.example1.description">Beschreibung
-----------
Durch diesen Befehl wird die IntelliTrace-Sammlung aus dem "ASP.NET v4.0"-Anwendungspool entfernt. Eine Wiederverwendung wird aufgerufen. Sobald alle aktuellen Prozesse für diesen Anwendungspool abgeschlossen werden, stehen die Protokolle zur Analyse zur Verfügung.</maml:para>
        </dev:remarks>
      </command:example>
    </command:examples>
    <maml:relatedLinks>
      <maml:navigationLink>
        <maml:linkText>Start-IntelliTraceCollection</maml:linkText>
        <maml:uri/>
      </maml:navigationLink>
      <maml:navigationLink>
        <maml:linkText>Checkpoint-IntelliTraceCollection</maml:linkText>
        <maml:uri/>
      </maml:navigationLink>
    </maml:relatedLinks>
  </command:command>
  <command:command xmlns:maml="http://schemas.microsoft.com/maml/2004/10" xmlns:command="http://schemas.microsoft.com/maml/dev/command/2004/10" xmlns:dev="http://schemas.microsoft.com/maml/dev/2004/10">
    <command:details>
      <command:name>
        Get-IntelliTraceCollectionStatus
      </command:name>
      <maml:description>
        <maml:para _locID="command.getintellitracestatus.synopsis">Ruft den Status aller Anwendungspools auf dem aktuellen Server ab.</maml:para>
      </maml:description>
      <maml:copyright>
        <maml:para></maml:para>
      </maml:copyright>
      <command:verb>Get</command:verb>
      <command:noun>IntelliTraceCollectionStatus</command:noun>
      <dev:version></dev:version>
    </command:details>
    <maml:description>
      <maml:para _locID="command.getintellitracestatus.description">Ruft den Status aller Anwendungspools auf dem aktuellen Server ab. Jeder Anwendungspool auf dem aktuellen IIS-Server wird gesammelt. Für jeden Anwendungspool werden Name, Prozess-ID, Prozessstartzeit, Sammlungsplanpfad und Protokollpfad bereitgestellt. Wenn für einen Anwendungspool momentan keine Prozesse ausgeführt werden, kann für den Pool weiterhin IntelliTrace für die Sammlung konfiguriert sein. In solchen Fällen ist der Wert für ProcessId, ProcessStartTime und OutputPath leer, CollectionPlanPath weist dagegen einen Wert auf, der den Sammlungsplan angibt, der beim Starten eines Prozesses verwendet werden soll.</maml:para>
    </maml:description>
    <command:syntax>
      <command:syntaxItem>
        <maml:name>Get-IntelliTraceCollectionStatus</maml:name>
        <command:parameter required="false" variableLength="true" globbing="false" pipelineInput="true (ByValue, ByPropertyName)" position="1">
          <maml:name>ApplicationPool</maml:name>
          <maml:description>
            <maml:para _locID="syntax.getintellitracestatus.applicationpool.description">Optionale Liste aufzulistender Anwendungspools</maml:para>
          </maml:description>
          <command:parameterValue required="true" variableLength="true">String []</command:parameterValue>
        </command:parameter>
      </command:syntaxItem>
    </command:syntax>
    <command:parameters>
      <command:parameter required="false" variableLength="true" globbing="false" pipelineInput="true (ByValue, ByPropertyName)" position="1">
        <maml:name>ApplicationPool</maml:name>
        <maml:description>
          <maml:para _locID="parameter.getintellitracestatus.applicationpool.description">Optionale Liste aufzulistender Anwendungspools</maml:para>
        </maml:description>
        <command:parameterValue required="true" variableLength="true">String []</command:parameterValue>
        <dev:type>
          <maml:name>String []</maml:name>
          <maml:uri/>
        </dev:type>
        <dev:defaultValue></dev:defaultValue>
      </command:parameter>
    </command:parameters>
    <command:inputTypes>
      <command:inputType>
        <dev:type>
          <maml:name></maml:name>
          <maml:uri/>
          <maml:description/>
        </dev:type>
          <maml:description>
          <maml:para>
            <!-- description  -->
          </maml:para>
          </maml:description>
      </command:inputType>
    </command:inputTypes>
    <command:returnValues>
      <command:returnValue>
        <dev:type>
          <maml:name></maml:name>
          <maml:uri/>
          <maml:description/>
        </dev:type>
          <maml:description>
          <maml:para>
            <!-- description  -->
          </maml:para>
          </maml:description>
      </command:returnValue>
    </command:returnValues>
    <!-- Error section-->
    <command:terminatingErrors/>
    <command:nonTerminatingErrors/>
    <!-- Notes section  -->
    <maml:alertSet>
      <maml:title></maml:title>
      <maml:alert>
        <maml:para _locID="command.getintellitracestatus.alert">Mit Ausnahme von ApplicationPool werden nur die Anwendungspools, bei denen alle Werte leer sind, nicht instrumentiert. Wenn ein Anwendungspool als Webgarten konfiguriert ist (d. h., mehrere Prozesse), werden mehrere Einträge für jeden aktiven Prozess angezeigt.</maml:para>
      </maml:alert>
    </maml:alertSet>
    <command:examples>
      <command:example>
        <maml:title _locID="command.getintellitracestatus.example1.title">
          -------------------------- BEISPIEL 1 --------------------------
        </maml:title>
        <maml:introduction>
          <maml:para>C:\PS&gt;</maml:para>
        </maml:introduction>
        <dev:code>
          Get-IntelliTraceStatus
        </dev:code>
        <dev:remarks>
<maml:para _locID="command.getintellitracestatus.example1.description">Beschreibung
-----------
Listen Sie die Statusdetails der IntelliTrace-Sammlung zusammen mit den Prozess-IDs für alle Anwendungspools und den zugehörigen Prozessen auf dem Server auf.

ApplicationPool    : DefaultAppPool
ProcessId          : 2160
ProcessStartTime   : 12/9/2011 8:42:18 AM
CollectionPlanPath : C:\Windows\Temp\defaultapppool_collection_plan.ASP.NET.trace.xml
TracePath          : C:\CAB\w3wp_00000870_111209_084218.iTrace

ApplicationPool    : DefaultAppPool
ProcessId          : 4560
ProcessStartTime   : 12/9/2011 8:42:18 AM
CollectionPlanPath : C:\Windows\Temp\defaultapppool_collection_plan.ASP.NET.trace.xml
TracePath          : C:\CAB\w3wp_000011d0_111209_084218.iTrace

ApplicationPool    : DefaultAppPool
ProcessId          : 3152
ProcessStartTime   : 12/9/2011 8:42:18 AM
CollectionPlanPath : C:\Windows\Temp\defaultapppool_collection_plan.ASP.NET.trace.xml
TracePath          : C:\CAB\w3wp_00000c50_111209_084218.iTrace

ApplicationPool    : Classic .NET AppPool
ProcessId          :
ProcessStartTime   :
CollectionPlanPath :
TracePath          :

ApplicationPool    : ASP.NET v4.0
ProcessId          : 4212
ProcessStartTime   : 12/9/2011 8:41:30 AM
CollectionPlanPath :
TracePath          :

ApplicationPool    : ASP.NET v4.0 Classic
ProcessId          :
ProcessStartTime   :
CollectionPlanPath :
TracePath          :
        </maml:para>
        </dev:remarks>
      </command:example>
      <command:example>
        <maml:title _locID="command.getintellitracestatus.example2.title">
          -------------------------- BEISPIEL 2 --------------------------
        </maml:title>
        <maml:introduction>
          <maml:para>C:\PS&gt;</maml:para>
        </maml:introduction>
        <dev:code>
          Get-IntelliTraceCollectionStatus "ASP.NET v4.0", DefaultAppPool
        </dev:code>
        <dev:remarks>
<maml:para _locID="command.getintellitracestatus.example2.description">Beschreibung
-----------
Rufen Sie den Status der Zielanwendungspools "ASP.NET v4.0" und "DefaultAppPool" ab.

ApplicationPool    : ASP.NET v4.0
ProcessId          :
ProcessStartTime   :
CollectionPlanPath : C:\Windows\Temp\asp.NET V4.0_collection_plan.asp.net.trace.xml
TracePath          :

ApplicationPool    : DefaultAppPool
ProcessId          :
ProcessStartTime   :
CollectionPlanPath :
TracePath          :
          </maml:para>
          <maml:para></maml:para>
        </dev:remarks>
      </command:example>
    </command:examples>
    <maml:relatedLinks>
      <maml:navigationLink>
        <maml:linkText>Start-IntelliTraceCollection</maml:linkText>
        <maml:uri/>
      </maml:navigationLink>
      <maml:navigationLink>
        <maml:linkText>Stop_IntelliTraceCollection</maml:linkText>
        <maml:uri/>
      </maml:navigationLink>
    </maml:relatedLinks>
  </command:command>
  <command:command xmlns:maml="http://schemas.microsoft.com/maml/2004/10" xmlns:command="http://schemas.microsoft.com/maml/dev/command/2004/10" xmlns:dev="http://schemas.microsoft.com/maml/dev/2004/10">
    <command:details>
      <command:name>
        Checkpoint-IntelliTraceCollection
      </command:name>
      <maml:description>
        <maml:para _locID="command.checkpointintellitracecollection.synopsis">Erstellen Sie eine Momentaufnahme des aktiven IntelliTrace-Protokolls für einen IIS-Anwendungspool.</maml:para>
      </maml:description>
      <maml:copyright>
        <maml:para></maml:para>
      </maml:copyright>
      <command:verb>Checkpoint</command:verb>
      <command:noun>IntelliTraceCollection</command:noun>
      <dev:version></dev:version>
    </command:details>
    <maml:description>
      <maml:para _locID="command.checkpointintellitracecollection.description">Während einer aktiven IntelliTrace-Sammlung wird die Protokolldatei vom ausgeführten Prozess gesperrt und kann nicht kopiert oder geöffnet werden. Mit dem Checkpoint-IntelliTraceCollection-Befehl wird eine Kopie des aktuellen Protokolls erstellt, die zur Analyse verwendet werden kann, ohne die aktuelle IntelliTrace-Sammlungssitzung für den Zielanwendungspool zu beenden.</maml:para>
    </maml:description>
    <command:syntax>
      <command:syntaxItem>
        <maml:name>Checkpoint-IntelliTraceCollection</maml:name>
        <command:parameter required="true" variableLength="false" globbing="false" pipelineInput="true (ByValue, ByPropertyName)" position="1">
          <maml:name>ApplicationPool</maml:name>
          <maml:description>
            <maml:para _locID="syntax.checkpointintellitrace.applicationpool.description">Der Name des Anwendungspools, für den die IntelliTrace-Sammlung momentan aktiviert ist.</maml:para>
          </maml:description>
          <command:parameterValue required="true" variableLength="false">string</command:parameterValue>
        </command:parameter>
        <command:parameter required="false" variableLength="false" globbing="false" pipelineInput="false" position="named">
          <maml:name>PassThru</maml:name>
          <maml:description>
            <maml:para></maml:para>
          </maml:description>
        </command:parameter>
        <command:parameter required="false" variableLength="true" globbing="false" pipelineInput="true (ByPropertyName)" position="2">
          <maml:name>ProcessId</maml:name>
          <maml:description>
            <maml:para _locID="syntax.checkpointintellitrace.processid.description">Dieser optionale Parameter wird verwendet, wenn mehrere Prozesse in einem einzigen Anwendungspool ausgeführt werden. Schließen Sie den Prozess-ID-Wert ein, wenn die IntelliTrace-Daten für einen einzelnen Prozess gewünscht werden. Wird dieser Parameter nicht bereitgestellt, wird eine Kopie von jedem Protokoll für jeden Prozess erstellt, der im Zielanwendungspool ausgeführt wird.</maml:para>
          </maml:description>
          <command:parameterValue required="true" variableLength="true">UInt32 []</command:parameterValue>
        </command:parameter>
        <command:parameter required="false" variableLength="false" globbing="false" pipelineInput="false" position="named">
          <maml:name>WhatIf</maml:name>
          <maml:description>
            <maml:para _locID="syntax.checkpointintellitrace.whatif.description">Beschreibt das Ergebnis der Befehlsausführung, ohne den Befehl wirklich auszuführen.</maml:para>
          </maml:description>
        </command:parameter>
        <command:parameter required="false" variableLength="false" globbing="false" pipelineInput="false" position="named">
          <maml:name>Confirm</maml:name>
          <maml:description>
            <maml:para _locID="syntax.checkpointintellitrace.confirm.description">Sie werden vor dem Ausführen des Befehls zur Bestätigung aufgefordert.</maml:para>
          </maml:description>
        </command:parameter>
      </command:syntaxItem>
    </command:syntax>
    <command:parameters>
      <command:parameter required="true" variableLength="false" globbing="false" pipelineInput="true (ByValue, ByPropertyName)" position="1">
        <maml:name>ApplicationPool</maml:name>
        <maml:description>
          <maml:para _locID="parameter.checkpointintellitrace.applicationpool.description">Der Name des Anwendungspools, für den die IntelliTrace-Sammlung momentan aktiviert ist.</maml:para>
        </maml:description>
        <command:parameterValue required="true" variableLength="false">string</command:parameterValue>
        <dev:type>
          <maml:name>string</maml:name>
          <maml:uri/>
        </dev:type>
        <dev:defaultValue></dev:defaultValue>
      </command:parameter>
      <command:parameter required="false" variableLength="false" globbing="false" pipelineInput="false" position="named">
        <maml:name>PassThru</maml:name>
        <maml:description>
          <maml:para></maml:para>
        </maml:description>
        <dev:type>
          <maml:name>SwitchParameter</maml:name>
          <maml:uri/>
        </dev:type>
        <dev:defaultValue></dev:defaultValue>
      </command:parameter>
      <command:parameter required="false" variableLength="true" globbing="false" pipelineInput="true (ByPropertyName)" position="2">
        <maml:name>ProcessId</maml:name>
        <maml:description>
          <maml:para _locID="parameter.checkpointintellitrace.processid.description">Dieser optionale Parameter wird verwendet, wenn mehrere Prozesse in einem einzigen Anwendungspool ausgeführt werden. Schließen Sie den Prozess-ID-Wert ein, wenn die IntelliTrace-Daten für einen einzelnen Prozess gewünscht werden. Wird dieser Parameter nicht bereitgestellt, wird eine Kopie von jedem Protokoll für jeden Prozess erstellt, der im Zielanwendungspool ausgeführt wird.</maml:para>
        </maml:description>
        <command:parameterValue required="true" variableLength="true">UInt32 []</command:parameterValue>
        <dev:type>
          <maml:name>UInt32 []</maml:name>
          <maml:uri/>
        </dev:type>
        <dev:defaultValue></dev:defaultValue>
      </command:parameter>
      <command:parameter required="false" variableLength="false" globbing="false" pipelineInput="false" position="named">
        <maml:name>Confirm</maml:name>
        <maml:description>
            <maml:para _locID="syntax.checkpointintellitrace.confirm.description">Sie werden vor dem Ausführen des Befehls zur Bestätigung aufgefordert.</maml:para>
        </maml:description>
        <dev:type>
          <maml:name>SwitchParameter</maml:name>
          <maml:uri/>
        </dev:type>
        <dev:defaultValue></dev:defaultValue>
      </command:parameter>
      <command:parameter required="false" variableLength="false" globbing="false" pipelineInput="false" position="named">
        <maml:name>WhatIf</maml:name>
        <maml:description>
          <maml:para _locID="syntax.checkpointintellitrace.whatif.description">Beschreibt das Ergebnis der Befehlsausführung, ohne den Befehl wirklich auszuführen.</maml:para>
        </maml:description>
        <dev:type>
          <maml:name>SwitchParameter</maml:name>
          <maml:uri/>
        </dev:type>
        <dev:defaultValue></dev:defaultValue>
      </command:parameter>
    </command:parameters>
    <command:inputTypes>
      <command:inputType>
        <dev:type>
          <maml:name></maml:name>
          <maml:uri/>
          <maml:description/>
        </dev:type>
          <maml:description>
          <maml:para>
            <!-- description  -->
          </maml:para>
          </maml:description>
      </command:inputType>
    </command:inputTypes>
    <command:returnValues>
      <command:returnValue>
        <dev:type>
          <maml:name></maml:name>
          <maml:uri/>
          <maml:description/>
        </dev:type>
          <maml:description>
          <maml:para>
            <!-- description  -->
          </maml:para>
          </maml:description>
      </command:returnValue>
    </command:returnValues>
    <!-- Error section-->
    <command:terminatingErrors/>
    <command:nonTerminatingErrors/>
    <!-- Notes section  -->
    <maml:alertSet>
      <maml:title></maml:title>
      <maml:alert>
        <maml:para _locID="command.checkpointintellitracecollection.alert">Verwenden Sie diesen Befehl, wenn Sie das Protokoll, das bis zu einem Zeitpunkt gesammelt wurde, analysieren möchten, ohne die aktuelle Sammlungssitzung zu beenden. Dies ist hilfreich, wenn Sie im aktuell ausgeführten Code nach einem bestimmten IntelliTrace-Ereignis oder einer Bedingung suchen möchten, ohne den Anwendungspool durch Beenden und Neustarten von IntelliTrace wiederverwenden zu müssen.

Wenn ein Anwendungspool als Webgarten definiert ist (mehrere Prozesse werden für einen einzigen Anwendungspool aktiviert), kann der optionale ProcessId-Parameter verwendet werden, um die IntelliTrace-Sammlung auf einen einzelnen Prozess auszurichten, anstatt auf alle Prozesse.</maml:para>
      </maml:alert>
    </maml:alertSet>
    <command:examples>
      <command:example>
        <maml:title _locID="command.checkpointintellitracecollection.example1">
          -------------------------- BEISPIEL 1 --------------------------
        </maml:title>
        <maml:introduction>
          <maml:para>C:\PS&gt;</maml:para>
        </maml:introduction>
        <dev:code>
          Checkpoint-IntelliTraceCollection "ASP.NET v4.0"
        </dev:code>
        <dev:remarks>
          <maml:para _locID="command.checkpointintellitracecollection.example1.description">Beschreibung
-----------
Erstellen Sie eine Kopie aller Protokolle für alle Prozesse, die momentan im "ASP.NET v4.0"-Anwendungspool ausgeführt werden.</maml:para>
        </dev:remarks>
      </command:example>
      <command:example>
        <maml:title _locID="command.checkpointintellitracecollection.example2">
          -------------------------- BEISPIEL 2 --------------------------
        </maml:title>
        <maml:introduction>
          <maml:para>C:\PS&gt;</maml:para>
        </maml:introduction>
        <dev:code>
          Checkpoint-IntelliTraceCollection "ASP.NET v4.0" 1234
        </dev:code>
        <dev:remarks>
          <maml:para _locID="command.checkpointintellitracecollection.example2.description">Beschreibung
-----------
Erstellen Sie nur vom Protokoll für den Prozess mit ID 1234 eine Kopie, der momentan im "ASP.NET v4.0"-Anwendungspool ausgeführt wird.</maml:para>
        </dev:remarks>
      </command:example>
    </command:examples>
    <maml:relatedLinks>
      <maml:navigationLink>
        <maml:linkText>Start-IntelliTraceCollection</maml:linkText>
        <maml:uri/>
      </maml:navigationLink>
      <maml:navigationLink>
        <maml:linkText>Stop-IntelliTraceCollection</maml:linkText>
        <maml:uri/>
      </maml:navigationLink>
    </maml:relatedLinks>
  </command:command>
  <command:command xmlns:maml="http://schemas.microsoft.com/maml/2004/10" xmlns:command="http://schemas.microsoft.com/maml/dev/command/2004/10" xmlns:dev="http://schemas.microsoft.com/maml/dev/2004/10">
    <command:details>
      <command:name>
        Get-IntelliTraceFileInfo
      </command:name>
      <maml:description>
        <maml:para _locID="command.getfileinfo.synopsis">Ruft grundlegende Informationen über eine IntelliTrace -Datei (.iTrace) ab.</maml:para>
      </maml:description>
      <maml:copyright>
        <maml:para></maml:para>
      </maml:copyright>
      <command:verb>Get</command:verb>
      <command:noun>IntelliTraceFileInfo</command:noun>
      <dev:version></dev:version>
    </command:details>
    <maml:description>
      <maml:para _locID="command.getfileinfo.description">Zeigt die folgenden Informationen an:

Pfad zur ausgewählten Datei.
Name des Prozesses, der das Ziel der IntelliTrace-Sammlung war.
Die Prozess-ID des Prozesses, aus dem gesammelt wurde.
Die Start- und Endzeit der Sammlung.
Der Anwendungspool, der Ziel der Sammlung war.
Die Prüfpunktzeit, wenn dieses Protokoll mit Checkpoint-IntelliTraceCollection erstellt wurde.
Die Dauer der Sammlungssitzung.</maml:para>
    </maml:description>
    <command:syntax>
      <command:syntaxItem>
        <maml:name>Get-IntelliTraceFileInfo</maml:name>
        <command:parameter required="true" variableLength="true" globbing="false" pipelineInput="true (ByValue, ByPropertyName)" position="1">
          <maml:name>Path</maml:name>
          <maml:description>
            <maml:para _locID="syntax.getfileinfo.input.description">Der Pfad zur .iTrace-Zieldatei.</maml:para>
          </maml:description>
          <command:parameterValue required="true" variableLength="true">String []</command:parameterValue>
        </command:parameter>
      </command:syntaxItem>
    </command:syntax>
    <command:parameters>
      <command:parameter required="true" variableLength="true" globbing="false" pipelineInput="true (ByValue, ByPropertyName)" position="1">
        <maml:name>Path</maml:name>
        <maml:description>
          <maml:para _locID="parameter.getfileinfo.input.description">Der Pfad zur .iTrace-Zieldatei.</maml:para>
        </maml:description>
        <command:parameterValue required="true" variableLength="true">String []</command:parameterValue>
        <dev:type>
          <maml:name>String []</maml:name>
          <maml:uri/>
        </dev:type>
        <dev:defaultValue></dev:defaultValue>
      </command:parameter>
    </command:parameters>
    <command:inputTypes>
      <command:inputType>
        <dev:type>
          <maml:name></maml:name>
          <maml:uri/>
          <maml:description/>
        </dev:type>
          <maml:description>
          <maml:para>
            <!-- description  -->
          </maml:para>
          </maml:description>
      </command:inputType>
    </command:inputTypes>
    <command:returnValues>
      <command:returnValue>
        <dev:type>
          <maml:name></maml:name>
          <maml:uri/>
          <maml:description/>
        </dev:type>
          <maml:description>
          <maml:para>
            <!-- description  -->
          </maml:para>
          </maml:description>
      </command:returnValue>
    </command:returnValues>
    <!-- Error section-->
    <command:terminatingErrors/>
    <command:nonTerminatingErrors/>
    <!-- Notes section  -->
    <maml:alertSet>
      <maml:title></maml:title>
      <maml:alert>
        <maml:para _locID="command.getfileinfo.alert">Dieser Befehl kann besonders dann nützlich sein, um die richtige IntelliTrace-Protokolldatei für die Analyse zu bestimmen, wenn mehrere Protokolldateien verfügbar sind.</maml:para>
      </maml:alert>
    </maml:alertSet>
    <command:examples>
      <command:example>
        <maml:title _locID="command.getfileinfo.example1.title">
          -------------------------- BEISPIEL 1 --------------------------
        </maml:title>
        <maml:introduction>
          <maml:para>C:\PS&gt;</maml:para>
        </maml:introduction>
        <dev:code>
          Get-IntelliTraceFileInfo C:\intellitrace\logs\w3wp_00001a54_111130_102409.itrace
        </dev:code>
        <dev:remarks>
          <maml:para _locID="command.getfileinfo.example1.description">Path        : C:\intellitrace\logs\w3wp_00001a54_111130_102409.itrace
ProcessName      : c:\windows\system32\inetsrv\w3wp.exe
ProcessId        : 6740
ProcessStartTime   : 11/30/2011 10:24:09 AM
ProcessStopTime  : 11/30/2011 10:50:11 AM
ApplicationPool  : ASP.NET v4.0
CheckpointTime   :
TraceDuration    : 00:21:12.9840000
          </maml:para>
          <maml:para></maml:para>
        </dev:remarks>
      </command:example>
    </command:examples>
    <maml:relatedLinks>
      <maml:navigationLink>
        <maml:linkText>Checkpoint-IntelliTraceCollection</maml:linkText>
        <maml:uri/>
      </maml:navigationLink>
    </maml:relatedLinks>
  </command:command>
</helpItems>
