<?xml version="1.0" encoding="utf-8"?>
<helpItems xmlns="http://msh" schema="maml">
  <command:command xmlns:maml="http://schemas.microsoft.com/maml/2004/10" xmlns:command="http://schemas.microsoft.com/maml/dev/command/2004/10" xmlns:dev="http://schemas.microsoft.com/maml/dev/2004/10">
    <command:details>
      <command:name>
        Start-IntelliTraceCollection
      </command:name>
      <maml:description>
        <maml:para _locID="command.startintellitrace.synopsis">针对 IIS 应用程序池启动 IntelliTrace 收集。</maml:para>
      </maml:description>
      <maml:copyright>
        <maml:para _locID="command.startintellitrace.copyright"></maml:para>
      </maml:copyright>
      <command:verb>Start</command:verb>
      <command:noun>IntelliTraceCollection</command:noun>
      <dev:version></dev:version>
    </command:details>
    <maml:description>
      <maml:para _locID="command.startintellitrace.description">对某个 IIS 应用程序池启动 IntelliTrace 收集。为此应用程序池创建的所有进程会将 IntelliTrace 数据收集到每个进程对应的不同日志文件中。

运行目标应用程序池的身份必须具有在 OutputPath 位置创建和写入文件的权限。

必须使用充分权限运行 PowerShell 会话才能执行应用程序池回收。默认情况下，这需要管理员权限。</maml:para>
    </maml:description>
    <command:syntax>
      <command:syntaxItem>
        <maml:name>Start-IntelliTraceCollection</maml:name>
        <command:parameter required="true" variableLength="false" globbing="false" pipelineInput="true (ByValue, ByPropertyName)" position="1">
          <maml:name>ApplicationPool</maml:name>
          <maml:description>
            <maml:para _locID="syntax.startintellitrace.applicationpool.description">将为其启用 IntelliTrace 收集的应用程序池的名称(在 IIS 管理器中列出)。</maml:para>
          </maml:description>
          <command:parameterValue required="true" variableLength="false">string</command:parameterValue>
        </command:parameter>
        <command:parameter required="true" variableLength="false" globbing="false" pipelineInput="true (ByValue, ByPropertyName)" position="2">
          <maml:name>CollectionPlan</maml:name>
          <maml:description>
            <maml:para _locID="syntax.startintellitrace.collectionplan.description">要在 IntelliTrace 收集期间使用的收集计划的名称和路径。该路径可以是相对路径，也可以是绝对路径。</maml:para>
          </maml:description>
          <command:parameterValue required="true" variableLength="false">string</command:parameterValue>
        </command:parameter>
        <command:parameter required="true" variableLength="false" globbing="false" pipelineInput="true (ByValue, ByPropertyName)" position="3">
          <maml:name>OutputPath</maml:name>
          <maml:description>
            <maml:para _locID="syntax.startintellitrace.output.description">IntelliTrace 将收集的数据写入日志文件的位置。运行应用程序池的身份必须具有对指定位置的读/写权限。</maml:para>
          </maml:description>
          <command:parameterValue required="true" variableLength="false">string</command:parameterValue>
        </command:parameter>
        <command:parameter required="false" variableLength="false" globbing="false" pipelineInput="false" position="named">
          <maml:name>Confirm</maml:name>
          <maml:description>
            <maml:para _locID="syntax.startintellitrace.confirm.description">提示您进行确认，然后再执行命令。</maml:para>
          </maml:description>
        </command:parameter>
        <command:parameter required="false" variableLength="false" globbing="false" pipelineInput="false" position="named">
          <maml:name>WhatIf</maml:name>
          <maml:description>
            <maml:para _locID="syntax.startintellitrace.whatif.description">描述执行此命令的结果，而不实际执行此命令。</maml:para>
          </maml:description>
        </command:parameter>
        <command:parameter required="false" variableLength="false" globbing="false" pipelineInput="false" position="named">
          <maml:name>NoFragments</maml:name>
          <maml:description>
            <maml:para _locID="syntax.startintellitrace.nofragments.description">开始 IntelliTrace 收集，但不包括在 CustomEvents 目录中找到的收集计划片段。</maml:para>
          </maml:description>
        </command:parameter>
      </command:syntaxItem>
    </command:syntax>
    <command:parameters>
      <command:parameter required="true" variableLength="false" globbing="false" pipelineInput="true (ByValue, ByPropertyName)" position="1">
        <maml:name>ApplicationPool</maml:name>
        <maml:description>
          <maml:para _locID="parameter.startintellitrace.applicationpool.description">将为其启用 IntelliTrace 收集的应用程序池的名称(在 IIS 管理器中列出)。</maml:para>
        </maml:description>
        <command:parameterValue required="true" variableLength="false">string</command:parameterValue>
        <dev:type>
          <maml:name>string</maml:name>
          <maml:uri/>
        </dev:type>
        <dev:defaultValue></dev:defaultValue>
      </command:parameter>
      <command:parameter required="true" variableLength="false" globbing="false" pipelineInput="true (ByValue, ByPropertyName)" position="2">
        <maml:name>CollectionPlan</maml:name>
        <maml:description>
          <maml:para _locID="parameter.startintellitrace.collectionplan.description">要在 IntelliTrace 收集期间使用的收集计划的名称和路径。该路径可以是相对路径，也可以是绝对路径。</maml:para>
        </maml:description>
        <command:parameterValue required="true" variableLength="false">string</command:parameterValue>
        <dev:type>
          <maml:name>string</maml:name>
          <maml:uri/>
        </dev:type>
        <dev:defaultValue></dev:defaultValue>
      </command:parameter>
      <command:parameter required="true" variableLength="false" globbing="false" pipelineInput="true (ByValue, ByPropertyName)" position="3">
        <maml:name>OutputPath</maml:name>
        <maml:description>
          <maml:para _locID="parameter.startintellitrace.output.description">IntelliTrace 将收集的数据写入日志文件的位置。运行应用程序池的身份必须具有对指定位置的读/写权限。</maml:para>
        </maml:description>
        <command:parameterValue required="true" variableLength="false">string</command:parameterValue>
        <dev:type>
          <maml:name>string</maml:name>
          <maml:uri/>
        </dev:type>
        <dev:defaultValue></dev:defaultValue>
      </command:parameter>
      <command:parameter required="false" variableLength="false" globbing="false" pipelineInput="false" position="named">
        <maml:name>Confirm</maml:name>
        <maml:description>
          <maml:para _locID="parameter.startintellitrace.confirm.description">提示您进行确认，然后再执行命令。</maml:para>
        </maml:description>
        <command:parameterValue required="false" variableLength="false">SwitchParameter</command:parameterValue>
        <dev:type>
          <maml:name>SwitchParameter</maml:name>
          <maml:uri/>
        </dev:type>
        <dev:defaultValue/>
      </command:parameter>
      <command:parameter required="false" variableLength="false" globbing="false" pipelineInput="false" position="named">
        <maml:name>WhatIf</maml:name>
        <maml:description>
          <maml:para _locID="parameter.startintellitrace.whatif.description">描述执行此命令的结果，而不实际执行此命令。</maml:para>
        </maml:description>
        <command:parameterValue required="false" variableLength="false">SwitchParameter</command:parameterValue>
        <dev:type>
          <maml:name>SwitchParameter</maml:name>
          <maml:uri/>
        </dev:type>
        <dev:defaultValue/>
      </command:parameter>
      <command:parameter required="false" variableLength="false" globbing="false" pipelineInput="false" position="named">
        <maml:name>NoFragments</maml:name>
        <maml:description>
          <maml:para _locID="syntax.startintellitrace.nofragments.description">启动 IntelliTrace 收集，但不包括在 CustomEvents 目录中找到的收集计划片段。</maml:para>
        </maml:description>
        <command:parameterValue required="false" variableLength="false">SwitchParameter</command:parameterValue>
        <dev:type>
          <maml:name>SwitchParameter</maml:name>
          <maml:uri/>
        </dev:type>
      </command:parameter>
    </command:parameters>
    <command:inputTypes>
      <command:inputType>
        <dev:type>
          <maml:name></maml:name>
          <maml:uri/>
          <maml:description/>
        </dev:type>
          <maml:description>
          <maml:para>
            <!-- description  -->
          </maml:para>
          </maml:description>
      </command:inputType>
    </command:inputTypes>
    <command:returnValues>
      <command:returnValue>
        <dev:type>
          <maml:name></maml:name>
          <maml:uri/>
          <maml:description/>
        </dev:type>
          <maml:description>
          <maml:para>
            <!-- description  -->
          </maml:para>
          </maml:description>
      </command:returnValue>
    </command:returnValues>
    <!-- Error section-->
    <command:terminatingErrors/>
    <command:nonTerminatingErrors/>
    <!-- Notes section  -->
    <maml:alertSet>
      <maml:title></maml:title>
      <maml:alert>
        <maml:para _locID="command.startintellitrace.alert">当执行 Start-IntelliTraceCollection 时，将回收目标应用程序池。将针对新进程处理的所有请求收集 IntelliTrace 数据。当前由现有进程处理的任何请求将不会包含 IntelliTrace 收集。

日志文件使用以下命名约定:
&lt;processname&gt;_&lt;processIdHex&gt;_&lt;date&gt;_&lt;time&gt;.itrace

使用 -verbose 开关可查看其他详细信息。</maml:para>
      </maml:alert>
    </maml:alertSet>
    <command:examples>
      <command:example>
        <maml:title _locID="command.startintellitrace.example1.title">
          -------------------------- 示例 1 --------------------------
        </maml:title>
        <maml:introduction>
          <maml:para>C:\PS&gt;</maml:para>
        </maml:introduction>
        <dev:code>
          Start-IntelliTraceCollection "ASP.NET v4.0" c:\temp\collectionplan.xml c:\outputfolder
        </dev:code>
        <dev:remarks>
          <maml:para _locID="command.startintellitrace.example1.description">说明
-----------
这将导致对所有“ASP.NET v4.0”应用程序池执行回收。所有新进程将启用 IntelliTrace 收集，直至调用 Stop-IntelliTraceCollection。

C:\temp\collectionplan.xml 位置的收集计划将用于定义配置 IntelliTrace 收集的方式。

所有日志将写入 C:\outputfolder。</maml:para>
          <maml:para></maml:para>
        </dev:remarks>
      </command:example>
    </command:examples>
    <maml:relatedLinks>
      <maml:navigationLink>
        <maml:linkText>Stop-IntelliTraceCollection</maml:linkText>
        <maml:uri/>
      </maml:navigationLink>
      <maml:navigationLink>
        <maml:linkText>Get-IntelliTraceCollectionStatus</maml:linkText>
        <maml:uri/>
      </maml:navigationLink>
    </maml:relatedLinks>
  </command:command>
  <command:command xmlns:maml="http://schemas.microsoft.com/maml/2004/10" xmlns:command="http://schemas.microsoft.com/maml/dev/command/2004/10" xmlns:dev="http://schemas.microsoft.com/maml/dev/2004/10">
    <command:details>
      <command:name>
        Stop-IntelliTraceCollection
      </command:name>
      <maml:description>
        <maml:para _locID="command.stopintellitrace.synopsis">停止对 IIS 应用程序池的 IntelliTrace 收集。</maml:para>
      </maml:description>
      <maml:copyright>
        <maml:para _locID="command.stopintellitrace.copyright"></maml:para>
      </maml:copyright>
      <command:verb>Stop</command:verb>
      <command:noun>IntelliTraceCollection</command:noun>
      <dev:version></dev:version>
    </command:details>
    <maml:description>
      <maml:para _locID="command.stopintellitrace.description">停止对 IIS 应用程序池的 IntelliTrace 收集。</maml:para>
    </maml:description>
    <command:syntax>
      <command:syntaxItem>
        <maml:name>Stop-IntelliTraceCollection</maml:name>
        <command:parameter required="true" variableLength="false" globbing="false" pipelineInput="true (ByValue, ByPropertyName)" position="1">
          <maml:name>ApplicationPool</maml:name>
          <maml:description>
            <maml:para _locID="syntax.stopintellitrace.applicationpool.description">将为其禁用 IntelliTrace 收集的应用程序池的名称(在 IIS 管理器中列出)。</maml:para>
          </maml:description>
          <command:parameterValue required="true" variableLength="false">string</command:parameterValue>
        </command:parameter>
        <command:parameter required="false" variableLength="false" globbing="false" pipelineInput="false" position="named">
          <maml:name>Confirm</maml:name>
          <maml:description>
            <maml:para _locID="syntax.stopintellitrace.confirm.description">提示您进行确认，然后再执行命令。</maml:para>
          </maml:description>
        </command:parameter>
        <command:parameter required="false" variableLength="false" globbing="false" pipelineInput="false" position="named">
          <maml:name>WhatIf</maml:name>
          <maml:description>
            <maml:para _locID="syntax.stopintellitrace.whatif.description">描述执行此命令的结果，而不实际执行此命令。</maml:para>
          </maml:description>
        </command:parameter>
      </command:syntaxItem>
    </command:syntax>
    <command:parameters>
      <command:parameter required="true" variableLength="false" globbing="false" pipelineInput="true (ByValue, ByPropertyName)" position="1">
        <maml:name>ApplicationPool</maml:name>
        <maml:description>
          <maml:para _locID="parameter.stopintellitrace.applicationpool.description">将为其禁用 IntelliTrace 收集的应用程序池的名称(在 IIS 管理器中列出)。</maml:para>
        </maml:description>
        <command:parameterValue required="true" variableLength="false">string</command:parameterValue>
        <dev:type>
          <maml:name>string</maml:name>
          <maml:uri/>
        </dev:type>
        <dev:defaultValue></dev:defaultValue>
      </command:parameter>
      <command:parameter required="false" variableLength="false" globbing="false" pipelineInput="false" position="named">
        <maml:name>Confirm</maml:name>
        <maml:description>
          <maml:para _locID="parameter.stopintellitrace.confirm.description">提示您进行确认，然后再执行命令。</maml:para>
        </maml:description>
        <command:parameterValue required="false" variableLength="false">SwitchParameter</command:parameterValue>
        <dev:type>
          <maml:name>SwitchParameter</maml:name>
          <maml:uri/>
        </dev:type>
        <dev:defaultValue/>
      </command:parameter>
      <command:parameter required="false" variableLength="false" globbing="false" pipelineInput="false" position="named">
        <maml:name>WhatIf</maml:name>
        <maml:description>
          <maml:para _locID="parameter.stopintellitrace.whatif.description">描述执行此命令的结果，而不实际执行此命令。</maml:para>
        </maml:description>
        <command:parameterValue required="false" variableLength="false">SwitchParameter</command:parameterValue>
        <dev:type>
          <maml:name>SwitchParameter</maml:name>
          <maml:uri/>
        </dev:type>
        <dev:defaultValue/>
      </command:parameter>
    </command:parameters>
    <command:inputTypes>
      <command:inputType>
        <dev:type>
          <maml:name></maml:name>
          <maml:uri/>
          <maml:description/>
        </dev:type>
          <maml:description>
          <maml:para>
            <!-- description  -->
          </maml:para>
          </maml:description>
      </command:inputType>
    </command:inputTypes>
    <command:returnValues>
      <command:returnValue>
        <dev:type>
          <maml:name></maml:name>
          <maml:uri/>
          <maml:description/>
        </dev:type>
          <maml:description>
          <maml:para>
            <!-- description  -->
          </maml:para>
          </maml:description>
      </command:returnValue>
    </command:returnValues>
    <!-- Error section-->
    <command:terminatingErrors/>
    <command:nonTerminatingErrors/>
    <!-- Notes section  -->
    <maml:alertSet>
      <maml:title></maml:title>
      <maml:alert>
        <maml:para _locID="command.stopintellitrace.alert">停止 IntelliTrace 收集将导致目标应用程序池执行回收。此命令将在上一个活动进程完成正在进行的任何请求后完成。

使用 -verbose 开关可查看其他详细信息。</maml:para>
      </maml:alert>
    </maml:alertSet>
    <command:examples>
      <command:example>
        <maml:title _locID="command.stopintellitrace.example1.title">
          -------------------------- 示例 1 --------------------------
        </maml:title>
        <maml:introduction>
          <maml:para>C:\PS&gt;</maml:para>
        </maml:introduction>
        <dev:code>
          Stop-IntelliTraceCollection "ASP.NET v4.0"
        </dev:code>
        <dev:remarks>
          <maml:para _locID="command.stopintellitrace.example1.description">说明
-----------
此命令将导致从“ASP.NET v4.0”应用程序池中删除 IntelliTrace 收集。然后将调用回收。当此应用程序池的所有当前进程完成后，将提供日志以供分析。</maml:para>
        </dev:remarks>
      </command:example>
    </command:examples>
    <maml:relatedLinks>
      <maml:navigationLink>
        <maml:linkText>Start-IntelliTraceCollection</maml:linkText>
        <maml:uri/>
      </maml:navigationLink>
      <maml:navigationLink>
        <maml:linkText>Checkpoint-IntelliTraceCollection</maml:linkText>
        <maml:uri/>
      </maml:navigationLink>
    </maml:relatedLinks>
  </command:command>
  <command:command xmlns:maml="http://schemas.microsoft.com/maml/2004/10" xmlns:command="http://schemas.microsoft.com/maml/dev/command/2004/10" xmlns:dev="http://schemas.microsoft.com/maml/dev/2004/10">
    <command:details>
      <command:name>
        Get-IntelliTraceCollectionStatus
      </command:name>
      <maml:description>
        <maml:para _locID="command.getintellitracestatus.synopsis">获取当前服务器上的所有应用程序池的状态。</maml:para>
      </maml:description>
      <maml:copyright>
        <maml:para></maml:para>
      </maml:copyright>
      <command:verb>Get</command:verb>
      <command:noun>IntelliTraceCollectionStatus</command:noun>
      <dev:version></dev:version>
    </command:details>
    <maml:description>
      <maml:para _locID="command.getintellitracestatus.description">获取当前服务器上所有应用程序池的状态。将列出当前 IIS 服务器上的每个应用程序池。对于每个应用程序池，将提供其名称、进程 ID、进程开始时间、收集计划路径和日志路径。如果当前没有为某个应用程序池执行任何进程，则该应用程序池可能仍将 IntelliTrace 配置为进行收集。在这种情况下，ProcessId、ProcessStartTime 和 OutputPath 的值将为空，但 CollectionPlanPath 将具有一个值以指示在某个进程开始时要使用的收集计划。</maml:para>
    </maml:description>
    <command:syntax>
      <command:syntaxItem>
        <maml:name>Get-IntelliTraceCollectionStatus</maml:name>
        <command:parameter required="false" variableLength="true" globbing="false" pipelineInput="true (ByValue, ByPropertyName)" position="1">
          <maml:name>ApplicationPool</maml:name>
          <maml:description>
            <maml:para _locID="syntax.getintellitracestatus.applicationpool.description">要列出的应用程序池的可选列表</maml:para>
          </maml:description>
          <command:parameterValue required="true" variableLength="true">String []</command:parameterValue>
        </command:parameter>
      </command:syntaxItem>
    </command:syntax>
    <command:parameters>
      <command:parameter required="false" variableLength="true" globbing="false" pipelineInput="true (ByValue, ByPropertyName)" position="1">
        <maml:name>ApplicationPool</maml:name>
        <maml:description>
          <maml:para _locID="parameter.getintellitracestatus.applicationpool.description">要列出的应用程序池的可选列表</maml:para>
        </maml:description>
        <command:parameterValue required="true" variableLength="true">String []</command:parameterValue>
        <dev:type>
          <maml:name>String []</maml:name>
          <maml:uri/>
        </dev:type>
        <dev:defaultValue></dev:defaultValue>
      </command:parameter>
    </command:parameters>
    <command:inputTypes>
      <command:inputType>
        <dev:type>
          <maml:name></maml:name>
          <maml:uri/>
          <maml:description/>
        </dev:type>
          <maml:description>
          <maml:para>
            <!-- description  -->
          </maml:para>
          </maml:description>
      </command:inputType>
    </command:inputTypes>
    <command:returnValues>
      <command:returnValue>
        <dev:type>
          <maml:name></maml:name>
          <maml:uri/>
          <maml:description/>
        </dev:type>
          <maml:description>
          <maml:para>
            <!-- description  -->
          </maml:para>
          </maml:description>
      </command:returnValue>
    </command:returnValues>
    <!-- Error section-->
    <command:terminatingErrors/>
    <command:nonTerminatingErrors/>
    <!-- Notes section  -->
    <maml:alertSet>
      <maml:title></maml:title>
      <maml:alert>
        <maml:para _locID="command.getintellitracestatus.alert">只有使除 ApplicationPool 之外的所有值为空的应用程序池才不会被检测。如果某个应用程序池配置为 Web 园(即多个进程)，则会为每个活动进程列出多个条目。</maml:para>
      </maml:alert>
    </maml:alertSet>
    <command:examples>
      <command:example>
        <maml:title _locID="command.getintellitracestatus.example1.title">
          -------------------------- 示例 1 --------------------------
        </maml:title>
        <maml:introduction>
          <maml:para>C:\PS&gt;</maml:para>
        </maml:introduction>
        <dev:code>
          Get-IntelliTraceStatus
        </dev:code>
        <dev:remarks>
<maml:para _locID="command.getintellitracestatus.example1.description">说明
-----------
列出 IntelliTrace 收集状态详细信息以及服务器上的所有应用程序池及其相关进程的进程 ID。

ApplicationPool    : DefaultAppPool
ProcessId          : 2160
ProcessStartTime   : 12/9/2011 8:42:18 AM
CollectionPlanPath : C:\Windows\Temp\defaultapppool_collection_plan.ASP.NET.trace.xml
TracePath          : C:\CAB\w3wp_00000870_111209_084218.iTrace

ApplicationPool    : DefaultAppPool
ProcessId          : 4560
ProcessStartTime   : 12/9/2011 8:42:18 AM
CollectionPlanPath : C:\Windows\Temp\defaultapppool_collection_plan.ASP.NET.trace.xml
TracePath          : C:\CAB\w3wp_000011d0_111209_084218.iTrace

ApplicationPool    : DefaultAppPool
ProcessId          : 3152
ProcessStartTime   : 12/9/2011 8:42:18 AM
CollectionPlanPath : C:\Windows\Temp\defaultapppool_collection_plan.ASP.NET.trace.xml
TracePath          : C:\CAB\w3wp_00000c50_111209_084218.iTrace

ApplicationPool    : Classic .NET AppPool
ProcessId          :
ProcessStartTime   :
CollectionPlanPath :
TracePath          :

ApplicationPool    : ASP.NET v4.0
ProcessId          : 4212
ProcessStartTime   : 12/9/2011 8:41:30 AM
CollectionPlanPath :
TracePath          :

ApplicationPool    : ASP.NET v4.0 Classic
ProcessId          :
ProcessStartTime   :
CollectionPlanPath :
TracePath          :
        </maml:para>
        </dev:remarks>
      </command:example>
      <command:example>
        <maml:title _locID="command.getintellitracestatus.example2.title">
          -------------------------- 示例 2 --------------------------
        </maml:title>
        <maml:introduction>
          <maml:para>C:\PS&gt;</maml:para>
        </maml:introduction>
        <dev:code>
          Get-IntelliTraceCollectionStatus "ASP.NET v4.0", DefaultAppPool
        </dev:code>
        <dev:remarks>
<maml:para _locID="command.getintellitracestatus.example2.description">说明
-----------
获取目标应用程序池“ASP.NET v4.0”和“DefaultAppPool”的状态。

ApplicationPool    : ASP.NET v4.0
ProcessId          :
ProcessStartTime   :
CollectionPlanPath : C:\Windows\Temp\asp.NET V4.0_collection_plan.asp.net.trace.xml
TracePath          :

ApplicationPool    : DefaultAppPool
ProcessId          :
ProcessStartTime   :
CollectionPlanPath :
TracePath          :
</maml:para>
          <maml:para></maml:para>
        </dev:remarks>
      </command:example>
    </command:examples>
    <maml:relatedLinks>
      <maml:navigationLink>
        <maml:linkText>Start-IntelliTraceCollection</maml:linkText>
        <maml:uri/>
      </maml:navigationLink>
      <maml:navigationLink>
        <maml:linkText>Stop_IntelliTraceCollection</maml:linkText>
        <maml:uri/>
      </maml:navigationLink>
    </maml:relatedLinks>
  </command:command>
  <command:command xmlns:maml="http://schemas.microsoft.com/maml/2004/10" xmlns:command="http://schemas.microsoft.com/maml/dev/command/2004/10" xmlns:dev="http://schemas.microsoft.com/maml/dev/2004/10">
    <command:details>
      <command:name>
        Checkpoint-IntelliTraceCollection
      </command:name>
      <maml:description>
        <maml:para _locID="command.checkpointintellitracecollection.synopsis">为 IIS 应用程序池创建活动的 IntelliTrace 日志的快照。</maml:para>
      </maml:description>
      <maml:copyright>
        <maml:para></maml:para>
      </maml:copyright>
      <command:verb>Checkpoint</command:verb>
      <command:noun>IntelliTraceCollection</command:noun>
      <dev:version></dev:version>
    </command:details>
    <maml:description>
      <maml:para _locID="command.checkpointintellitracecollection.description">在活动 IntelliTrace 收集的过程中，日志文件会由正在运行的进程锁定，因此无法复制或打开。Checkpoint-IntelliTraceCollection 命令将创建一个可用于分析的当前日志的副本，而不必停止目标应用程序池的当前 IntelliTrace 收集会话。</maml:para>
    </maml:description>
    <command:syntax>
      <command:syntaxItem>
        <maml:name>Checkpoint-IntelliTraceCollection</maml:name>
        <command:parameter required="true" variableLength="false" globbing="false" pipelineInput="true (ByValue, ByPropertyName)" position="1">
          <maml:name>ApplicationPool</maml:name>
          <maml:description>
            <maml:para _locID="syntax.checkpointintellitrace.applicationpool.description">当前对其启用 IntelliTrace 收集的应用程序池的名称。</maml:para>
          </maml:description>
          <command:parameterValue required="true" variableLength="false">string</command:parameterValue>
        </command:parameter>
        <command:parameter required="false" variableLength="false" globbing="false" pipelineInput="false" position="named">
          <maml:name>PassThru</maml:name>
          <maml:description>
            <maml:para></maml:para>
          </maml:description>
        </command:parameter>
        <command:parameter required="false" variableLength="true" globbing="false" pipelineInput="true (ByPropertyName)" position="2">
          <maml:name>ProcessId</maml:name>
          <maml:description>
            <maml:para _locID="syntax.checkpointintellitrace.processid.description">当多个进程在单个应用程序池下运行时，可使用此可选参数。当需要单个进程的 IntelliTrace 数据时，可包括相应的进程 ID 值。如果未提供此参数，将为在目标应用程序池下运行的每个进程的每个日志创建一个副本。</maml:para>
          </maml:description>
          <command:parameterValue required="true" variableLength="true">UInt32 []</command:parameterValue>
        </command:parameter>
        <command:parameter required="false" variableLength="false" globbing="false" pipelineInput="false" position="named">
          <maml:name>WhatIf</maml:name>
          <maml:description>
            <maml:para _locID="syntax.checkpointintellitrace.whatif.description">描述执行此命令的结果，而不实际执行此命令。</maml:para>
          </maml:description>
        </command:parameter>
        <command:parameter required="false" variableLength="false" globbing="false" pipelineInput="false" position="named">
          <maml:name>Confirm</maml:name>
          <maml:description>
            <maml:para _locID="syntax.checkpointintellitrace.confirm.description">提示您进行确认，然后再执行命令。</maml:para>
          </maml:description>
        </command:parameter>
      </command:syntaxItem>
    </command:syntax>
    <command:parameters>
      <command:parameter required="true" variableLength="false" globbing="false" pipelineInput="true (ByValue, ByPropertyName)" position="1">
        <maml:name>ApplicationPool</maml:name>
        <maml:description>
          <maml:para _locID="parameter.checkpointintellitrace.applicationpool.description">当前对其启用 IntelliTrace 收集的应用程序池的名称。</maml:para>
        </maml:description>
        <command:parameterValue required="true" variableLength="false">string</command:parameterValue>
        <dev:type>
          <maml:name>string</maml:name>
          <maml:uri/>
        </dev:type>
        <dev:defaultValue></dev:defaultValue>
      </command:parameter>
      <command:parameter required="false" variableLength="false" globbing="false" pipelineInput="false" position="named">
        <maml:name>PassThru</maml:name>
        <maml:description>
          <maml:para></maml:para>
        </maml:description>
        <dev:type>
          <maml:name>SwitchParameter</maml:name>
          <maml:uri/>
        </dev:type>
        <dev:defaultValue></dev:defaultValue>
      </command:parameter>
      <command:parameter required="false" variableLength="true" globbing="false" pipelineInput="true (ByPropertyName)" position="2">
        <maml:name>ProcessId</maml:name>
        <maml:description>
          <maml:para _locID="parameter.checkpointintellitrace.processid.description">当多个进程在单个应用程序池下运行时，可使用此可选参数。当需要单个进程的 IntelliTrace 数据时，可包括相应的进程 ID 值。如果未提供此参数，将为在目标应用程序池下运行的每个进程的每个日志创建一个副本。</maml:para>
        </maml:description>
        <command:parameterValue required="true" variableLength="true">UInt32 []</command:parameterValue>
        <dev:type>
          <maml:name>UInt32 []</maml:name>
          <maml:uri/>
        </dev:type>
        <dev:defaultValue></dev:defaultValue>
      </command:parameter>
      <command:parameter required="false" variableLength="false" globbing="false" pipelineInput="false" position="named">
        <maml:name>Confirm</maml:name>
        <maml:description>
            <maml:para _locID="syntax.checkpointintellitrace.confirm.description">提示您进行确认，然后再执行命令。</maml:para>
        </maml:description>
        <dev:type>
          <maml:name>SwitchParameter</maml:name>
          <maml:uri/>
        </dev:type>
        <dev:defaultValue></dev:defaultValue>
      </command:parameter>
      <command:parameter required="false" variableLength="false" globbing="false" pipelineInput="false" position="named">
        <maml:name>WhatIf</maml:name>
        <maml:description>
          <maml:para _locID="syntax.checkpointintellitrace.whatif.description">描述执行此命令的结果，而不实际执行此命令。</maml:para>
        </maml:description>
        <dev:type>
          <maml:name>SwitchParameter</maml:name>
          <maml:uri/>
        </dev:type>
        <dev:defaultValue></dev:defaultValue>
      </command:parameter>
    </command:parameters>
    <command:inputTypes>
      <command:inputType>
        <dev:type>
          <maml:name></maml:name>
          <maml:uri/>
          <maml:description/>
        </dev:type>
          <maml:description>
          <maml:para>
            <!-- description  -->
          </maml:para>
          </maml:description>
      </command:inputType>
    </command:inputTypes>
    <command:returnValues>
      <command:returnValue>
        <dev:type>
          <maml:name></maml:name>
          <maml:uri/>
          <maml:description/>
        </dev:type>
          <maml:description>
          <maml:para>
            <!-- description  -->
          </maml:para>
          </maml:description>
      </command:returnValue>
    </command:returnValues>
    <!-- Error section-->
    <command:terminatingErrors/>
    <command:nonTerminatingErrors/>
    <!-- Notes section  -->
    <maml:alertSet>
      <maml:title></maml:title>
      <maml:alert>
        <maml:para _locID="command.checkpointintellitracecollection.alert">当您希望分析已收集到某个时间点的日志而不必停止当前的收集会话时，可使用此命令。如果您希望检查最近执行的代码中的某个 IntelliTrace 事件或条件，而不必通过停止和重新启动 IntelliTrace 来回收应用程序池，那么此命令很有帮助。

当某个应用程序池定义为 Web 园(为单个应用程序池启用了多个进程)时，可以使用可选的 ProcessId 参数为单个进程(而不是为所有进程)确定 IntelliTrace 收集的目标。</maml:para>
      </maml:alert>
    </maml:alertSet>
    <command:examples>
      <command:example>
        <maml:title _locID="command.checkpointintellitracecollection.example1">
          -------------------------- 示例 1 --------------------------
        </maml:title>
        <maml:introduction>
          <maml:para>C:\PS&gt;</maml:para>
        </maml:introduction>
        <dev:code>
          Checkpoint-IntelliTraceCollection "ASP.NET v4.0"
        </dev:code>
        <dev:remarks>
          <maml:para _locID="command.checkpointintellitracecollection.example1.description">说明
-----------
为当前在“ASP.NET v4.0”应用程序池下运行的所有进程的所有日志创建一个副本。</maml:para>
        </dev:remarks>
      </command:example>
      <command:example>
        <maml:title _locID="command.checkpointintellitracecollection.example2">
          -------------------------- 示例 2 --------------------------
        </maml:title>
        <maml:introduction>
          <maml:para>C:\PS&gt;</maml:para>
        </maml:introduction>
        <dev:code>
          Checkpoint-IntelliTraceCollection "ASP.NET v4.0" 1234
        </dev:code>
        <dev:remarks>
          <maml:para _locID="command.checkpointintellitracecollection.example2.description">说明
-----------
仅为当前在“ASP.NET v4.0”应用程序池下运行的 ID 为 1234 的进程的日志创建一个副本。</maml:para>
        </dev:remarks>
      </command:example>
    </command:examples>
    <maml:relatedLinks>
      <maml:navigationLink>
        <maml:linkText>Start-IntelliTraceCollection</maml:linkText>
        <maml:uri/>
      </maml:navigationLink>
      <maml:navigationLink>
        <maml:linkText>Stop-IntelliTraceCollection</maml:linkText>
        <maml:uri/>
      </maml:navigationLink>
    </maml:relatedLinks>
  </command:command>
  <command:command xmlns:maml="http://schemas.microsoft.com/maml/2004/10" xmlns:command="http://schemas.microsoft.com/maml/dev/command/2004/10" xmlns:dev="http://schemas.microsoft.com/maml/dev/2004/10">
    <command:details>
      <command:name>
        Get-IntelliTraceFileInfo
      </command:name>
      <maml:description>
        <maml:para _locID="command.getfileinfo.synopsis">获取有关 IntelliTrace (.iTrace)文件的基本信息。</maml:para>
      </maml:description>
      <maml:copyright>
        <maml:para></maml:para>
      </maml:copyright>
      <command:verb>Get</command:verb>
      <command:noun>IntelliTraceFileInfo</command:noun>
      <dev:version></dev:version>
    </command:details>
    <maml:description>
      <maml:para _locID="command.getfileinfo.description">显示以下信息:

所选文件的路径。
作为 IntelliTrace 收集目标的进程的名称。
已收集的进程的进程 ID。
收集的开始时间和停止时间。
作为收集目标的应用程序池。
检查点(如果此日志是使用 Checkpoint-IntelliTraceCollection 创建的)。
收集会话的持续时间。</maml:para>
    </maml:description>
    <command:syntax>
      <command:syntaxItem>
        <maml:name>Get-IntelliTraceFileInfo</maml:name>
        <command:parameter required="true" variableLength="true" globbing="false" pipelineInput="true (ByValue, ByPropertyName)" position="1">
          <maml:name>Path</maml:name>
          <maml:description>
            <maml:para _locID="syntax.getfileinfo.input.description">目标 .iTrace 文件的路径。</maml:para>
          </maml:description>
          <command:parameterValue required="true" variableLength="true">String []</command:parameterValue>
        </command:parameter>
      </command:syntaxItem>
    </command:syntax>
    <command:parameters>
      <command:parameter required="true" variableLength="true" globbing="false" pipelineInput="true (ByValue, ByPropertyName)" position="1">
        <maml:name>Path</maml:name>
        <maml:description>
          <maml:para _locID="parameter.getfileinfo.input.description">目标 .iTrace 文件的路径。</maml:para>
        </maml:description>
        <command:parameterValue required="true" variableLength="true">String []</command:parameterValue>
        <dev:type>
          <maml:name>String []</maml:name>
          <maml:uri/>
        </dev:type>
        <dev:defaultValue></dev:defaultValue>
      </command:parameter>
    </command:parameters>
    <command:inputTypes>
      <command:inputType>
        <dev:type>
          <maml:name></maml:name>
          <maml:uri/>
          <maml:description/>
        </dev:type>
          <maml:description>
          <maml:para>
            <!-- description  -->
          </maml:para>
          </maml:description>
      </command:inputType>
    </command:inputTypes>
    <command:returnValues>
      <command:returnValue>
        <dev:type>
          <maml:name></maml:name>
          <maml:uri/>
          <maml:description/>
        </dev:type>
          <maml:description>
          <maml:para>
            <!-- description  -->
          </maml:para>
          </maml:description>
      </command:returnValue>
    </command:returnValues>
    <!-- Error section-->
    <command:terminatingErrors/>
    <command:nonTerminatingErrors/>
    <!-- Notes section  -->
    <maml:alertSet>
      <maml:title></maml:title>
      <maml:alert>
        <maml:para _locID="command.getfileinfo.alert">在需要从多个可用的 IntelliTrace 日志文件中确定正确的、用于分析的日志文件的情况下，此命令特别有用。</maml:para>
      </maml:alert>
    </maml:alertSet>
    <command:examples>
      <command:example>
        <maml:title _locID="command.getfileinfo.example1.title">
          -------------------------- 示例 1 --------------------------
        </maml:title>
        <maml:introduction>
          <maml:para>C:\PS&gt;</maml:para>
        </maml:introduction>
        <dev:code>
          Get-IntelliTraceFileInfo C:\intellitrace\logs\w3wp_00001a54_111130_102409.itrace
        </dev:code>
        <dev:remarks>
          <maml:para _locID="command.getfileinfo.example1.description">Path        : C:\intellitrace\logs\w3wp_00001a54_111130_102409.itrace
ProcessName      : c:\windows\system32\inetsrv\w3wp.exe
ProcessId        : 6740
ProcessStartTime : 11/30/2011 10:24:09 AM
ProcessStopTime  : 11/30/2011 10:50:11 AM
ApplicationPool  : ASP.NET v4.0
CheckpointTime   :
TraceDuration    : 00:21:12.9840000
          </maml:para>
          <maml:para></maml:para>
        </dev:remarks>
      </command:example>
    </command:examples>
    <maml:relatedLinks>
      <maml:navigationLink>
        <maml:linkText>Checkpoint-IntelliTraceCollection</maml:linkText>
        <maml:uri/>
      </maml:navigationLink>
    </maml:relatedLinks>
  </command:command>
</helpItems>
